Receiver Name;Receiver Address;Location
Basso ApS;Skolegade 21, 8000 Aarhus C;Basso Aarhus
Basso Bergen AS;ECIT Råd & Regnskap Postboks 54, 1309 Rud, Norge;Basso Bergen
Basso Bergen AS;Strandgaten 53, 5004 BERGEN;Basso Bergen
BASSO BERGEN AS;Strandgaten 53, 5004 BERGEN, NOR;Basso Bergen
Basso Bergen AS;Strandgaten 25, 5004 BERGEN;Basso Bergen
Basso KBH;Dronningens Tværgade 22, 1302 København K, Danmark;Basso Kbh
Basso Kbh ApS;Dronningens Tværgade 22, 1302 København K;Basso Kbh
Basso Kbh Aps;Dronningens Tværgade 22, 1302 København K, Danmark;Basso Kbh
Basso Kbh Aps;Dronningens Tværgade 22, København K 1302, Danmark;Basso Kbh
Basso KBH ApS c/o Diningsix A/S;Dronningens Tværgade 22, 1302 København K;Basso Kbh
Basso København - DS;Dronningens Tværgade 22, 1066 København K, Denmark;Basso Kbh
BASSO København ApS;DRONNINGENS Tværgade 22, 1302 København K;Basso Kbh
Basso København ApS;Dronningens Tværgade 22, 1302 - København K, DK - DENMARK;Basso Kbh
BASSO OSLO AS;STORGATA 10B, 0155 OSLO;Basso Oslo
Basso Oslo AS;P.B.54, 1309 RUD, Norge;Basso Oslo
BASSO OSLO AS;Storgate 10, 0155 OSLO;Basso Oslo
Basso Oslo AS;Postboks 54, 1309 RUD, NOR;Basso Oslo
Basso Oslo AS;Storgate 10 0155 Oslo;Basso Oslo
Basso Oslo AS;Storgata 10, 0155 Oslo, NORGE;Basso Oslo
Basso Social;Storgate 10, 0155 OSLO;Basso Oslo
Basso Social Bergen;Strandgaten 53, 5004 BERGEN;Basso Bergen
Basso Social Bergen;Strandgaten 53, 5004 Bergen, Norge;Basso Bergen
Basso Social Oslo;Storgata 10b, 0155 Oslo, Norge;Basso Oslo
Basso Aarhus - DS;Skolegade 21, 8000 Aarhus C, Denmark;Basso Aarhus
Basso Aarhus ApS;Skolegade 21, 8000 Aarhus C;Basso Aarhus
Basso Aarhus ApS;Skolegade 21, 8000 - Aarhus C, DK - DENMARK;Basso Aarhus
Basso Aarhus Aps;Skolegade 21, 8000 Aarhus C, Danmark;Basso Aarhus
Basso Aarhus ApS;Skolegade 21, 8000 Aarhus C, Danmark;Basso Aarhus
Burger Shack Norge AS;Theresesgate 28 0354 OSLO;Vinkassen
Burger Shack Norge AS;Theresesgate 28, 0354 OSLO;Vinkassen
Cinco ApS;Frue Kirkeplads 4, 8000 Aarhus C;Cinco Aarhus
Cinco ApS *S*;Frue Kirkeplads 4, 8000 Aarhus C;Cinco Aarhus
CINCO København;VESTERBROGADE 35, st., 1620 København V;Cinco Kbh
Cinco København ApS;Vesterbrogade 35, st., 1620 København V;Cinco Kbh
Cinco København ApS;Vesterbrogade 35 st, 1620 København V;Cinco Kbh
Cinco København ApS;Vesterbrogade 35, 1620 København V, Danmark;Cinco Kbh
Cinco København Aps;Vesterbrogade 35 st., 1620 København V, Danmark;Cinco Kbh
Cinco København ApS - DS;Vesterbrogade 35, st, 1620 København V, Denmark;Cinco Kbh
Cinco Aarhus;Frue Kirkeplads 4, 8000 Aarhus C, Danmark;Cinco Aarhus
Cinco Aarhus;Frue Kirkeplads 4, 8000 Aarhus C;Cinco Aarhus
Cinco Aarhus - DS;Klostertorvet 9, 8000 Aarhus C, Denmark;Cinco Aarhus
Cinco Aarhus ApS;Frue Kirkeplads 4, 8000 Aarhus C, Danmark;Cinco Aarhus
DiningSix A/S;Vestergade 17, 1., 1456 København K;DiningSix A/S
DiningSix Catering ApS;Silkeborgvej 41 D, st, 8000 Aarhus C;DiningSix Catering Aarhus
DiningSix Catering ApS;Dortheavej 12, Bygning C, 2400 København NV;DiningSix Catering København
Diningsix Catering ApS;Silkeborgvej 41, 8000 Aarhus C;DiningSix Catering Aarhus
DiningSix Event ApS Kosmopolit;Nørregade 28 1 sal, 1165 København K;DiningSix Catering København
DiningSix Events ApS c/o Nytår;Silkeborgvej 41 D, st., 8000 Aarhus C;DiningSix Catering Aarhus
DiningSix Nytår *S*;Silkeborgvej 41, 8000 Aarhus C;DiningSix Catering Aarhus
DSIX Produktafdeling *S*;Åboulevarden 23, 8000 Aarhus C;DiningSix Catering Aarhus
Feed Bistro ApS;Vesterbrogade 1 P, 1620 København V;Feed Bistro
Feed Bistro ApS;H C Andersens Boulevard 18, 1620 Kbh V;Feed Bistro
Feed Bistro ApS;Vesterbrogade 1P, 1620 København V;Feed Bistro
Feed Bistro ApS;Vesterbrogade 1P, 1620 København V, Danmark;Feed Bistro
Keyser KBH - DS;Frederiksborggade 20 D, 1360 København K, Denmark;Keyser Kbh
Keyser KBH ApS;Frederiksborggade 20 D st, 1360 København K;Keyser Kbh
Keyser Kbh ApS;Frederiksborgsgade 20D, 1360 København K;Keyser Kbh
Keyser Kbh ApS;Frederikborggade 20D st., 1360 København K, Danmark;Keyser Kbh
Keyser KBH ApS;Frederiksborggade 20D, st., 1360 København K;Keyser Kbh
Keyser KBH ApS;Frederiksborggade 20D, st 1360 København K;Keyser Kbh
Keyser Oslo;Frognerveien, 0257 OSLO;Keyser Frogner
KEYSER OSLO AS;FROGNERVEIEN 9B, 0257 OSLO;Keyser Frogner
Keyser Oslo AS;Frognerveien 9B, 0257 OSLO, Norge;Keyser Frogner
Keyser Oslo AS;Frognerveien 9b, 0257 OSLO, NOR;Keyser Frogner
Keyser Oslo AS;Frognerveien 9, 0257 OSLO;Keyser Frogner
Keyser Oslo AS;Frognerveien 9, 0262 OSLO;Keyser Frogner
Keyser Social;Frognerveien, 0257 OSLO;Keyser Frogner
Keyser Social Kbh Aps;Frederiksborggade 20D, 1360 - København K, DK - DENMARK;Keyser Kbh
Keyser Social Kbh Aps;Frederiksborggade 20D, Må sættes i gården, 1360 - København K, DK - DENMARK;Keyser Kbh
Keyser Social KBH.;Frederiksborggade 20 D, 1360 København K;Keyser Kbh
Keyser Social København;Frederiksborggade 20D, 1360 København K, Danmark;Keyser Kbh
Keyser Social Aarhus;Frue Kirkeplads 4, 8000 Aarhus C, Danmark;Keyser Aarhus
Keyser Social Aarhus;Frue Kirkeplads 4, 8000 Aarhus C, Denmark;Keyser Aarhus
Keyser Social, KEYSER OSLO AS;Frognerveien, 0257 OSLO;Keyser Frogner
Keyser Aarhus - DS;Frue Kirkeplads 4, 8000 Aarhus C, Denmark;Keyser Aarhus
Keyser Aarhus ApS;Frue Kirkeplads 4, 8000 Aarhus C;Keyser Aarhus
Keyser Aarhus ApS;Frue Kirkeplads 4, 8000 Aarhus C;Keyser Aarhus
Keyser Aarhus ApS;Frue Kirkeplads 4, 8000 Aarhus, Danmark;Keyser Aarhus
Klokken ApS;Mindegade 6, 8000 Aarhus C;Klokken Aarhus
Klokken Aarhus ApS;Mindegade 6, 8000 Aarhus C;Klokken Aarhus
KoD City (Bar);9a Devonshire Square, London, EC2M 4YN;Kød City
KoD City (Kitchen);9a Devonshire Square, London, EC2M 4YN;Kød City
KoD Frogner AS;Frognerveien 9 0257 OSLO;Kød Frogner
KoD Oslo;Tollbugata 15, 0152 Oslo, Norge;Kød Oslo
Kod Oslo AS;Postboks 54, 1309 RUD, NOR;Kød Oslo
KoD RESTAURANT;9a DEVONSHIRE SQUARE, LONDON, EC2M 4YN;Kød City
KoD Soho;2 St Annes Ct London W1F W1F 0AZ;Kød Soho
KoD Soho Kitchen;2 St Annes Ct, London W1F, W1F 0AZ;Kød Soho
KoD Soho Kitchen;2 St Annes Ct, London W1F 0AZ;Kød Soho
KoD Soho Kitchen;2 St Annes Ct, London, W1F 0AZ;Kød Soho
KoD Soho ltd;2 St Annes Ct, London W1F, W1F 0AZ;Kød Soho
KOD SOHO LTD;2 St Annes Court, London, W1F 0AZ;Kød Soho
KoD Soho ltd;2 St Annes Ct, London W1F 0AZ;Kød Soho
Kod Soho Ltd;2 St. Annes Court, 82 Dean Street, Soho, London, W1F OAZ;Kød Soho
KOD Soho Ltd;2 St Anne's Court, London, W1F 0AZ;Kød Soho
KOD SOHO LTD;2 ST. ANNES COURT 82 DEAN STREET, LONDON ENGLAND, W1F 0AZ;Kød Soho
KOD SOHO LTD;2 St. Annes Court 82 Dean Street, London, England, W1F 0AZ;Kød Soho
Kudok Ltd;9a Devonshire Square, London, EC2M 4YN;Kød City
Kudok Ltd;KoD City (Kitchen) 9a Devonshire Square, London, EC2M 4YN;Kød City
KUDOK LTD;WESTERN COURTYARD, 9A DEVONSHIRE, LONDON, EC2M 4AE;Kød City
Kudok Ltd;Western Courtyard 9a Devonshire Square, Unit 9, London, London, EC2M 4AE;Kød City
Kudok Ltd;Western Courtyard, 9A Devonshire Square, Unit 9, City of London, London;Kød City
Kudok Ltd;London 9a Devonshire Square, EC2M 4YN;Kød City
Kød AS;Øvre Ole Bulls plass 7, 5012 Bergen, NOR;Kød Bergen
Kød Bergen;Øvre Ole Bulls plass 7, 5012 BERGEN;Kød Bergen
Kød BERGEN AS;Øvre Ole bull plass 7, 5012 Bergen;Kød Bergen
Kød BERGEN AS;Dronningens gate 15, 0152 OSLO;Kød Bergen
Kød Bergen AS;Torggata 16B, 0181 Oslo, Norge;Kød Bergen
Kød Bergen AS;Øvre Bulls Plass 7, 5012 BERGEN;Kød Bergen
Kød Bergen AS;Øvre Ole Bulls plass 7, 5012 Bergen, Norge;Kød Bergen
Kød Bergen AS;Øvre Ole Bulls plass 7, 5012 BERGEN;Kød Bergen
Kød Bergen AS;Torggata 16, 0181 Oslo;Kød Bergen
Kød Bergen AS;Torggata 16B, 0181 OSLO, NOR;Kød Bergen
Kød Frogner;Frognerveien 9b, 0257 Oslo, Norge;Kød Frogner
Kød Frogner AS;Frognerveien 9B, 0257 OSLO, Norge;Kød Frogner
Kød FROGNER AS;FROGNERVEIEN 9B, 0257 OSLO;Kød Frogner
Kød Frogner AS;Frognerveien 9b, 0257 OSLO, NOR;Kød Frogner
Kød FROGNER AS;Frognerveien 9, 0263 OSLO;Kød Frogner
Kød København - DS;Admiralgade 25, 1066 København K, Denmark;Kød København
Kød København ApS;Admiralgade 25, 1066 København K;Kød København
Kød København ApS;Admiralgade 25, 1066 - København K, DK - DENMARK;Kød København
Kød København ApS;Admiralgade 25, 1066 - København K, DK - DANMARK;Kød København
Kød København ApS;Admiralgade 25, 1066 København K;Kød København
Kød Oslo AS;Dronningensgate 15, 0152 OSLO, Norge;Kød Oslo
Kød OSLO AS;OBSERVATORIEGATA 1B, 0250 OSLO;Kød Oslo
Kød Oslo AS;Tollbugata 15, 0152 OSLO, NOR;Kød Oslo
Kød OSLO AS;Tollbugate 15, 0152 OSLO;Kød Oslo
Kød Oslo AS;Dronningensgate 15 0252 OSLO;Kød Oslo
Kød Oslo AS;Tollbugata 15, 0152 Oslo, NORGE;Kød Oslo
Kød Oslo AS;Dronningensgate 15, 0252 OSLO;Kød Oslo
Kød Vesterbro - DS;Vesterbrogade 33, 1620 København V, Denmark;Kød Vesterbro
Kød Vesterbro ApS;Vesterbrogade 33, 1620 København V;Kød Vesterbro
Kød Aarhus;Åboulevarden 23, 8000 Aarhus C;Kød Aarhus
Kød Aarhus *S*;Åboulevarden 23, 8000 Aarhus C;Kød Aarhus
Kød Aarhus ApS;Åboulevarden 23, 8000 - Aarhus C, DK - DENMARK;Kød Aarhus
Kød AARHUS ApS;Åboulevarden 23, 8000 Aarhus C;Kød Aarhus
Restaurant Basso København;Dronningens Tværgade 22, 1302 København K;Basso Kbh
Restaurant Basso Aarhus;Skolegade 21, 8000 Aarhus C;Basso Aarhus
Restaurant Klokken Aarhus ApS;Mindegade 6, 8000 - Aarhus C DK - DENMARK;Klokken Aarhus
Restaurant Klokken Aarhus ApS;Mindegade 6, 8000 - Aarhus C, DK - DENMARK;Klokken Aarhus
Restaurant KoD Vesterbro;Vesterbrogade 33, 1620 København V;Kød Vesterbro
Restaurant KoD Aarhus;Åboulevarden 23, 8000 Aarhus C;Kød Aarhus
Restaurant Kød;Åboulevarden 23, st., 8000 Aarhus C;Kød Aarhus
Restaurant Kød København;Admiralgade 25, 1066 København K;Kød København
Restaurant Kød København ApS;Admiralgade 25, 1066 København K;Kød København
Restaurant Kød Vesterbro ApS;Vesterbrogade 33, 1620 København V;Kød Vesterbro
Restaurant Kød Aarhus ApS;Åboulevarden 23 st., 8000 Aarhus C;Kød Aarhus
Vinkassen;Theresesgate 28, 0168 OSLO, NOR;Vinkassen
Vinkassen AS;Dronningens gate 15, 0152 OSLO, Norge;Vinkassen
VINKASSEN AS;THERESES GATE 28, 0354 OSLO;Vinkassen
Vinkassen AS;Theresesgate 28, 0167 OSLO;Vinkassen
