Shipper Name;Shipper Address;Supplier Tax ID;Supplier
2010 Vin & Velsmag;C. E. Christiansens Vej 1, 4930 Maribo;30699270;2010 Vin & Velsmag
Bama Storkjøkken;Nedre Kalbakkvei 40, 1081 OSLO;NO 936966802 MVA;Bama Storkjøkken
Bama Storkjøkken AS;Nedre Kalbakkvei 40, 1081 OSLO;NO 995518333 MVA;Bama Storkjøkken
Bama Storkjøkken Oslo AS;Nedre Kalbakkvei 40, 1081 OSLO;NO 936966802 MVA;Bama Storkjøkken
Bent Brandt as;Langdyssen 7, 8200 Aarhus N;37238910;Bent Brandt
BIR Bedrift AS;5258 BLOMSTERDALEN Lønningshaugen 6;980253937MVA;BIR Bedrift
Børge Møller Grafisk;Lystrupvej 62, 8240 Risskov;31355842;Børge Møller Grafisk
Børge Møller Grafisk;Lystrupvej 62 - 8240 Risskov;31355842;Børge Møller Grafisk
CARLSBERG MARSTON'S BREWING COMPANY;Marston's House, Brewery Road, Wolverhampton, WV1 4JT;GB 679 0058 12;CARLSBERG MARSTON'S BREWING COMPANY
Culina Bergen Thomsen Storkj. AS;Liamyrane 15, 5132 NYBORG;NO 981 882 423 MVA;Culina Bergen
Culina Norge AS;Holmaveien 20, N-1339 VØYENENGA;NO 986 330 615 MVA;Culina Norge
Culina Norge AS;Holmaveien 20, N -1339 VØYENENGA;NO 986 330 615 MVA;Culina Norge
CUVECO;Vollsveien 13H N-1366 Lysaker;983795455MVA;Cuveco
Cuveco;Vollsveien 13H, N-1366 Lysaker, Norway;983795455MVA;Cuveco
Cuveco AS;Vollsveien 13H, N-1366 Lysaker, Norway;983795455MVA;Cuveco
Cuveco AS;Vollsveien 13H N-1366 Lysaker, Norway;983795455MVA;Cuveco
Cuveco AS;Vollsveien 13H N-1366 Lysaker Postboks 34 Lilleaker N-0216 Oslo;983795455MVA;Cuveco
Domstein Sjømat AS;Espehaugen 55, 5258 Blomsterdalen, Norge;NO997420470MVA;Domstein Sjømat
EveryWear;Istedvej 5, 6000 Kolding, Denmark;27337996;EveryWear
G Lawrence Wholesale Meat Company Limited;23 East Market, Central Meat Market, Smithfield, London EC1A 9AU;;G Lawrence
Hans Just A/S;Århusgade 88, P.O.Box 2701, DK-2100 Copenhagen Ø;79 43 62 16;Hans Just
HD FOOTPRINT AS;Vardesvingen 50a, 5141 FYLLINGSDALEN, Norge;NO 925704016 MVA;HD FOOTPRINT
inco CC Glostrup A/S;Ejby Industrivej 111, DK 2600 Glostrup;37589608;inco CC Glostrup
inco København Cash & Carry A/S;Flæsketorvet 84A, DK 1711 København V;32322654;inco København Cash & Carry
inco Aarhus A/S;Blomstervej 5, DK 8381 Tilst;32322697;inco Aarhus
KAJ RASMUSSEN & Søn, BALLERUP, ApS;Smørum Bygade 22, 2765 Smørum;31634237;KAJ RASMUSSEN & Søn
KEN STORKØKKEN A/S;Runetoften 15-17, DK-8210 Århus V;20218428;Ken StorKØKken
KoD Soho;PO Box 222, Ashford, Kent TN24 8ZL;GB 202 9353 88;KoD Soho
Multiline;Silkeborgvej 41 D, st, 8000 Aarhus C;38758225;Multiline
MultiLine A/S;Kirkebjergvej 17, DK-4180 Sorø;DK 10665841;MultiLine
MultiLine A/S;Kirkebjergvej 17, DK-4180 Sorø;10665841;MultiLine
MultiLine A/S;Kirkebjergvej 17 -- DK-4180 Sorø;10665841;MultiLine
Måkestad Engros AS;Lønningshaugen 2, NOR 5258 BLOMSTERDALEN;NO981521935MVA;Måkestad Engros
NF Engros AS;Hegrenesveien 54, 5042 Bergen, Norge;NO 983387594 MVA;NF Engros
Philipson Wine;Kokkedal Industripark 10, 2980 Kokkedal;28331843;Philipson Wine
Philipson Wine;Kokkedal Industripark 10, 2980 Kokkedal, Danmark;28331843;Philipson Wine
PhilipsonWine;Philipson Wine - Kokkedal Industripark 10 - 2980 Kokkedal;28331843;Philipson Wine
Servicegrossisten Øst AS;Drammensveien 185, 3420 LIERSKOGEN NOR;NO942545258MVA;Servicegrossisten Øst
Servicegrossisten Øst AS;Drammensveien 185, 3420 LIERSKOGEN, NOR;NO942545258MVA;Servicegrossisten Øst
Spesialgrossisten Troye AS;Kokstadvegen 35B, 5257 Kokstad, NOR;941945554MVA;Spesialgrossisten Troye
Spesialgrossisten Troye AS;Kokstadvegen 35B, 5257 Kokstad;941945554MVA;Spesialgrossisten Troye
Sybron (UK) Ltd;Units 3 & 4 Crammond Park, Lovet Road, Harlow, Essex, CM19 5TF;805 6575 19;Sybron (UK) Ltd
Sysco GB Ltd;PO Box 222, Ashford, Kent TN24 8ZL;GB 202 9353 88;Sysco GB Ltd
Sysco GB Ltd;PO Box 222, Ashford, Kent, TN24 8ZL;GB 202 9353 88;Sysco GB Ltd
Sysco GB Ltd;PO Box 222 Ashford Kent TN24 8ZL;GB 202 9353 88;Sysco GB Ltd
Sysco GB Ltd;Enterprise House, Eureka Business Park, Ashford, Kent TN25 4AG;GB 202 9353 88;Sysco GB Ltd
The Drinks Club Ltd;Biddlesden Abbey, Biddlesden, Northamptonshire, NN13 5TR, United Kingdom;169 1412 07;The Drinks Club Ltd
Tingstad;Prof. Birkelands vei 35, 1081 Oslo;NO935572355MVA;Tingstad
Tingstad Emballasje AS;Prof. Birkelands vei 35, 1081 Oslo;NO935572355MVA;Tingstad
TL Måkestad AS;Lønningshaugen 2, 5258 Blomsterdalen, NORGE;NO 931539280MVA;TL Måkestad
TuneButler ApS;Klostergade 34, 2. tv, 8000 Aarhus C;DK41619821;TuneButler
VECTURA;Destilleriveien 11 1481 Hagan;NO 975 381 781 MVA;Vectura
Vectura AS;Destilleriveien 11, 1481 Hagan;NO 975 381 781 MVA;Vectura
Vectura AS;Destilleriveien 11 1481 Hagan;NO 975 381 781 MVA;Vectura
WagyuPusher ApS;Viktoriagade 6, st. tv. - 1655 København V;42050032;WagyuPusher
Wulff & Co AS;VerkseierFurulundsvei 16 B, Postboks 192, Alnabru B.S., 0614 OSLO;NO886181132MVA;Wulff & Co
Wulff & Co AS;Verkseier Furulundsvei 16 B, Postboks 192, Alnabru B.S., 0614 OSLO, Norge;NO886181132MVA;Wulff & Co
Wulff & Co.;VerkseierFurulundsvei 16 B, Postboks 192, Alnabru B.S., 0614 OSLO;NO886181132MVA;Wulff & Co
Wulff & Co.;VerkseierFurulundsvei 16 B, Postboks 192, Alnabru B.S., 0614 OSLO, Norge;NO886181132MVA;Wulff & Co
Wulff & Co. AS;VerkseierFurulundsvei 16 B, Postboks 192, Alnabru B.S., 0614 OSLO;NO886181132MVA;Wulff & Co
Østjysk Vinforsyning A/S;Fan�vej 3, DK-8382, HINNERUP;28902298;Østjysk Vinforsyning
